<?xml version="1.0" encoding="UTF-8"?>
    <addon id="repository.sportcenterhd" name="SportCenterHD" version="1.0.1" provider-name="SportCenterHD">
        <requires>
            <import addon="xbmc.addon" version="12.0.0"/>
        </requires>
        <extension point="xbmc.addon.repository" name="SportCenterHD Repository">
            <info compressed="false">https://github.com/tvspeler/SportcenterHD/raw/master/addons.xml</info>
            <checksum>https://raw.githubusercontent.com/tvspeler/SportcenterHD/master/addons.xml.md5</checksum>
            <datadir zip="true">https://raw.githubusercontent.com/tvspeler/SportcenterHD/master/zips/</datadir>
            <hashes>false</hashes>
        </extension>
        <extension point="xbmc.addon.metadata">
            <summary></summary>
			<description></description>
			<disclaimer></disclaimer>
            <platform>all</platform>
    </extension>
</addon>
